Mut,MutSpec_all,MutSpec_syn,MutSpec_AllWithoutDloop
A>C,0.0017160172955576652,0.005621296442781425,0.001864965169230359
A>G,0.21387815565541446,0.19153913465066466,0.19519968771277757
A>T,0.001560015723234241,0.0018737654809271415,0.0023830110495721255
C>A,0.0056524650076940205,0.0,0.006308487639441254
C>G,0.022609860030776082,0.020377199605082667,0.022079706738044387
C>T,0.6580134264839097,0.664891996102922,0.6805281041047253
G>A,0.043397902616638534,0.054600445095670226,0.038897900347754116
G>C,0.0009617263737759233,0.0023943833073291746,0.0013213724109640466
G>T,0.009977911127925204,0.011971916536645876,0.010323221960656614
T>A,0.0056036676604790826,0.007661401418098965,0.0053961217905944235
T>C,0.028701712407331884,0.03140705994177879,0.029056040410893054
T>G,0.007927139617263091,0.007661401418098965,0.006641380665346985
