Mut,MutSpec_ff,MutSpec_syn,MutSpec_all,MutSpec_allCYTB,MutSpec_D-loop,MutSpec_rRNA,MutSpec_tRNA,MutSpec_ExDloop
A>C,0.00529793454988472,0.005621296442781425,0.0017160172955576652,0.0010843226260299483,0.008853979975545823,0.003456729330048278,0.0,0.001864965169230359
A>G,0.19778955652902955,0.19153913465066466,0.21387815565541446,0.1908407821812709,0.2321710304698682,0.19150280488467464,0.17805200584790146,0.19519968771277757
A>T,0.0017659781832949065,0.0018737654809271415,0.001560015723234241,0.0,0.005902653317030548,0.004148075196057934,0.0068045352553338136,0.0023830110495721255
C>A,0.0,0.0,0.0056524650076940205,0.00905448966553475,0.02898858629030558,0.004200194396599683,0.006349854328134089,0.006308487639441254
C>G,0.019205012743332108,0.020377199605082667,0.022609860030776082,0.015845356914685815,0.011936476707772887,0.026881244138237965,0.014816326765646206,0.022079706738044387
C>T,0.6577716864591248,0.664891996102922,0.6580134264839097,0.7130410611608616,0.35979951219143985,0.6829516088871084,0.6857842674384815,0.6805281041047253
G>A,0.0643144612799959,0.054600445095670226,0.043397902616638534,0.034987476733233,0.2068315178474316,0.029142887274868565,0.04814256883908272,0.038897900347754116
G>C,0.002256647764210382,0.0023943833073291746,0.0009617263737759233,0.0007951699257552954,0.004136630356948632,0.0017485732364921139,0.0013011505091643978,0.0013213724109640466
G>T,0.011283238821051913,0.011971916536645876,0.009977911127925204,0.009542039109063545,0.028956412498640425,0.00932572392795794,0.01691495661913717,0.010323221960656614
T>A,0.007220683642401628,0.007661401418098965,0.0056036676604790826,0.0028626117327190635,0.0052816268618464095,0.007040325845728991,0.0052292917996398375,0.0053961217905944235
T>C,0.025874116385272504,0.03140705994177879,0.028701712407331884,0.015267262574501672,0.09884187412883995,0.03608166995936107,0.032247299431112326,0.029056040410893054
T>G,0.007220683642401628,0.007661401418098965,0.007927139617263091,0.006679427376344481,0.008299699354330073,0.0035201629228644956,0.004357743166366531,0.006641380665346985
