b1,b2,mut_num1,mut_num2,cossim,ci2.5%,ci97.5%,enough_muts
1,4,1134,916,0.9255053404418973,0.8858113211575177,0.956399209073193,True
2,4,2670,916,0.9341745623187755,0.8996763862428182,0.9607920045337162,True
3,4,4453,916,0.9432086463215463,0.913211075662851,0.966501280049972,True
1,3,1134,2699,0.9504149958095569,0.9244952702862009,0.9699823443323674,True
1,2,1134,4235,0.9557955924671768,0.9303890871182725,0.974445144474096,True
2,3,2670,2699,0.9682447317744866,0.9515222432405762,0.9808933501823157,True
