Mut,ObsFr,ExpFr,RawMutSpec,MutSpec
A>C,156,261,0.5977011494252874,0.0025962438925810102
A>G,24739,623,39.70947030497592,0.1724866513240789
A>T,406,261,1.5555555555555556,0.006756891156332629
C>A,151,96,1.5729166666666667,0.006832302887988128
C>G,189,96,1.96875,0.008551690369733484
C>T,26663,178,149.7921348314607,0.6506544542984238
G>A,23429,1872,12.515491452991453,0.054363737260205075
G>C,200,817,0.24479804161566707,0.0010633331073088591
G>T,805,817,0.98531211750306,0.004279915756918159
T>A,453,766,0.5913838120104439,0.0025688031745960582
T>C,25670,1308,19.625382262996943,0.08524708190517297
T>G,811,766,1.058746736292428,0.004598894866660934
