Mut,ObsFr,ExpFr,RawMutSpec,MutSpec
A>C,801,766,1.0456919060052219,0.004556948685089651
A>G,25598,1308,19.57033639143731,0.08528422011643365
A>T,445,766,0.5809399477806788,0.0025316381583831396
C>A,798,817,0.9767441860465116,0.004256486168356538
C>G,199,817,0.24357405140758873,0.0010614545708057031
C>T,23319,1872,12.45673076923077,0.05428432846555713
G>A,26592,178,149.3932584269663,0.6510305842862887
G>C,189,96,1.96875,0.008579479933093648
G>T,150,96,1.5625,0.006809111058010832
T>A,401,261,1.5363984674329503,0.006695364988229502
T>C,24633,623,39.53932584269663,0.1723057029259514
T>G,156,261,0.5977011494252874,0.0026046806438000058
