Mut,ObsFr,ExpFr,RawMutSpec,MutSpec
A>C,156,261,0.5977011494252874,0.0026046806438000058
A>G,24633,623,39.53932584269663,0.1723057029259514
A>T,401,261,1.5363984674329503,0.006695364988229502
C>A,150,96,1.5625,0.006809111058010832
C>G,189,96,1.96875,0.008579479933093648
C>T,26592,178,149.3932584269663,0.6510305842862887
G>A,23319,1872,12.45673076923077,0.05428432846555713
G>C,199,817,0.24357405140758873,0.0010614545708057031
G>T,798,817,0.9767441860465116,0.004256486168356538
T>A,445,766,0.5809399477806788,0.0025316381583831396
T>C,25598,1308,19.57033639143731,0.08528422011643365
T>G,801,766,1.0456919060052219,0.004556948685089651
