Mut,ObsFr,ExpFr,RawMutSpec,MutSpec
A>C,94,261,0.36015325670498083,0.0025730997617226317
A>G,15226,623,24.43980738362761,0.17460917369094422
A>T,224,261,0.8582375478927203,0.006131641985381592
C>A,91,96,0.9479166666666666,0.0067723506694009564
C>G,105,96,1.09375,0.00781425077238572
C>T,16273,178,91.42134831460675,0.6531559695359631
G>A,13851,1872,7.399038461538462,0.05286211841187526
G>C,124,817,0.15177478580171358,0.0010843485597071703
G>T,476,817,0.5826193390452876,0.004162499309843653
T>A,271,766,0.3537859007832898,0.0025276084557302857
T>C,15368,1308,11.749235474006117,0.08394191760246307
T>G,468,766,0.6109660574412533,0.0043650212445821915
