Mut,ObsFr,ExpFr,RawMutSpec,MutSpec
A>C,52,99,0.5252525252525253,0.0026575788927312937
A>G,2112,158,13.367088607594937,0.06763240695270213
A>T,19,99,0.1919191919191919,0.0009710384415748956
C>A,57,100,0.57,0.00288398417147744
C>G,6,100,0.06,0.00030357728120815157
C>T,1625,236,6.885593220338983,0.034838494488929825
G>A,2273,16,142.0625,0.7187824585272172
G>C,5,7,0.7142857142857143,0.0036140152524779955
G>T,14,7,2.0,0.010119242706938387
T>A,13,19,0.6842105263157895,0.003461846189215764
T>C,1827,61,29.950819672131146,0.15153980676701992
T>G,12,19,0.631578947368421,0.0031955503285068586
