Mut,ObsFr,ExpFr,RawMutSpec,MutSpec
A>C,118,127,0.9291338582677166,0.0054404115592994965
A>G,3403,209,16.282296650717704,0.0953386792680892
A>T,71,127,0.5590551181102362,0.0032734679721208837
C>A,119,123,0.967479674796748,0.005664940050688528
C>G,18,123,0.14634146341463414,0.0008568816883394411
C>T,3796,311,12.205787781350482,0.07146925961757625
G>A,3498,36,97.16666666666667,0.5689456387882684
G>C,15,19,0.7894736842105263,0.004622651213410143
G>T,55,19,2.8947368421052633,0.01694972111583719
T>A,60,60,1.0,0.005855358203652848
T>C,4167,113,36.876106194690266,0.21592281092585325
T>G,58,60,0.9666666666666667,0.00566017959686442
